Models,F1-score,Recall,Precision,Accuracy,F-beta,Hamming loss,Jaccard score,AP,ROC-AUC
trained_MiniLM-L12-v2,0.38442735348476714,0.24304560874481718,0.9190421892816419,0.6096113127646703,0.5905410851009267,0.3903886872353297,0.2379511403055576,0.6030198035648376,0.6107513562953396
1.0_db-multilingual-cased-v2,1.0,1.0,1.0,1.0,1.0,0.0,1.0,1.0,1.0
128_size_bert_v2,1.0,1.0,1.0,1.0,1.0,0.0,1.0,1.0,1.0
