Models,F1-score,Recall,Precision,Accuracy,F-beta,Hamming loss,Jaccard score,AP,ROC-AUC
trained_MiniLM-L12-v2,0.4,0.5,0.3333333333333333,0.25,0.3571428571428571,0.75,0.25,0.41666666666666663,0.25
1.0_db-multilingual-cased-v2,0.888888888888889,1.0,0.8,0.875,0.8333333333333334,0.125,0.8,0.8,0.875
128_size_bert_v2,0.888888888888889,1.0,0.8,0.875,0.8333333333333334,0.125,0.8,0.8,0.875
